,acousticness,danceability,energy,instrumentalness,liveness,loudness,speechiness,tempo,valence
0,0.016,0.85,0.805,0.0,0.104,-4.541,0.233,149.127,0.346
1,0.277,0.635,0.496,0.00634,0.081,-8.858,0.0338,141.863,0.733
2,0.571,0.717,0.599,8.99e-06,0.102,-6.156,0.115,159.78,0.385
3,0.00833,0.639,0.631,0.146,0.119,-10.686,0.033,121.968,0.197
4,0.339,0.422,0.518,0.0,0.101,-5.862,0.0646,77.378,0.29
5,0.0675,0.693,0.439,0.496,0.112,-11.646,0.0276,113.942,0.273
6,0.00475,0.643,0.592,1.54e-06,0.222,-6.684,0.277,123.942,0.405
7,0.0182,0.715,0.441,0.0,0.119,-8.266,0.0584,143.117,0.544
8,0.111,0.678,0.67,1.2e-06,0.127,-3.845,0.115,160.011,0.813
9,0.379,0.6,0.589,0.0,0.107,-6.851,0.278,159.847,0.271
10,0.32,0.754,0.583,0.00015,0.144,-7.34,0.0432,122.012,0.77
11,0.122,0.565,0.438,0.0469,0.108,-8.722,0.0311,133.949,0.211
12,0.0605,0.698,0.633,0.000194,0.0926,-4.946,0.0597,96.924,0.552
13,0.697,0.547,0.638,0.0,0.074,-2.99,0.124,176.277,0.876
14,0.0751,0.421,0.609,0.0,0.12,-6.467,0.0594,80.611,0.105
15,0.134,0.863,0.561,0.0,0.155,-9.207,0.128,138.037,0.369
16,0.52,0.584,0.306,0.0,0.12,-8.401,0.0271,70.022,0.096
17,0.448,0.55,0.824,0.000127,0.366,-5.988,0.0334,114.512,0.777
18,0.259,0.829,0.886,0.0,0.0559,-1.746,0.112,115.056,0.777
19,0.0798,0.91,0.657,0.0,0.307,-8.489,0.235,122.911,0.448
20,0.0055,0.639,0.756,0.0,0.13,-4.42,0.0608,128.937,0.532
21,0.137,0.787,0.705,1.06e-06,0.108,-7.582,0.0695,81.998,0.499
22,0.882,0.26,0.188,0.0,0.116,-13.117,0.0301,86.087,0.238
23,0.137,0.75,0.567,0.0,0.109,-6.4,0.48,151.895,0.398
24,0.136,0.761,0.783,1.31e-05,0.791,-5.1,0.237,84.469,0.691
25,0.826,0.646,0.204,0.0,0.312,-11.957,0.0565,140.281,0.688
26,0.629,0.746,0.775,0.000548,0.0622,-7.871,0.122,120.009,0.594
27,0.263,0.6,0.528,0.0,0.588,-6.554,0.0308,108.025,0.142
28,0.00476,0.776,0.678,0.0,0.363,-4.505,0.376,181.872,0.81
29,0.0109,0.804,0.683,0.0,0.0693,-7.344,0.055,140.035,0.229
30,0.286,0.504,0.76,0.0,0.151,-4.246,0.0426,183.933,0.64
31,0.0462,0.584,0.889,0.828,0.309,-5.941,0.0343,126.04,0.464
32,0.318,0.741,0.415,0.0,0.104,-6.775,0.049,87.09,0.404
33,0.88,0.425,0.242,0.0118,0.195,-15.424,0.0267,92.472,0.477
34,0.814,0.456,0.265,0.0,0.0679,-10.663,0.0328,129.947,0.112
35,0.146,0.779,0.706,0.0,0.346,-3.557,0.0528,135.008,0.0901
36,0.021,0.518,0.938,0.000305,0.288,-5.964,0.0416,139.138,0.71
37,0.376,0.484,0.508,0.000791,0.0961,-9.308,0.0364,151.867,0.554
38,0.411,0.847,0.386,0.00176,0.108,-10.668,0.0507,104.001,0.178
39,0.0253,0.611,0.972,0.000111,0.28,-4.845,0.0464,150.992,0.871
40,0.0506,0.463,0.857,0.0,0.184,-3.063,0.0632,111.647,0.856
41,0.896,0.614,0.318,0.00239,0.0795,-12.695,0.0478,119.959,0.112
42,0.177,0.547,0.237,0.0,0.217,-14.514,0.0591,72.215,0.0388
43,0.622,0.776,0.625,0.896,0.086,-12.561,0.0396,122.072,0.865
44,0.469,0.817,0.556,0.0,0.131,-7.178,0.14,126.991,0.314
45,0.974,0.866,0.211,0.0,0.0987,-12.676,0.0404,101.295,0.198
46,0.0488,0.742,0.679,0.0,0.0754,-4.594,0.0259,100.041,0.856
47,0.00805,0.431,0.938,0.0,0.138,-4.507,0.0542,157.462,0.523
48,0.16,0.656,0.776,0.378,0.372,-6.184,0.0672,156.049,0.638
49,0.257,0.748,0.578,0.0,0.13,-5.72,0.194,140.016,0.166
50,0.207,0.759,0.639,0.0,0.23,-8.085,0.0511,128.01,0.682
51,0.501,0.542,0.593,0.0,0.159,-6.311,0.0716,135.458,0.507
52,0.126,0.674,0.726,1.56e-06,0.115,-3.813,0.141,160.067,0.443
53,0.000192,0.575,0.959,0.0,0.0515,-2.469,0.108,110.973,0.642
54,0.0088,0.537,0.674,0.0,0.265,-5.134,0.0277,136.002,0.33
55,0.016,0.657,0.574,8.1e-05,0.172,-9.484,0.0407,119.992,0.211
56,0.025,0.734,0.766,0.00138,0.108,-4.485,0.0383,127.986,0.6
57,0.0695,0.643,0.594,1.46e-05,0.115,-5.191,0.0312,118.037,0.195
58,0.00161,0.445,0.907,0.0,0.403,-3.894,0.0773,165.069,0.71
59,0.517,0.866,0.53,0.00159,0.0946,-6.347,0.0495,104.952,0.203
60,0.119,0.508,0.738,0.0,0.0558,-5.126,0.0579,158.131,0.523
61,0.0758,0.507,0.564,0.0,0.413,-6.652,0.0291,82.493,0.328
62,0.635,0.266,0.217,7.76e-06,0.268,-11.745,0.0326,112.046,0.196
63,0.994,0.469,0.0128,0.937,0.0941,-36.856,0.119,72.765,0.354
64,0.314,0.614,0.466,0.0,0.099,-9.881,0.0327,119.916,0.178
65,0.000773,0.935,0.665,0.0,0.138,-4.65,0.0779,138.027,0.468
66,0.0129,0.714,0.582,0.0,0.0774,-7.272,0.0808,92.819,0.338
67,0.247,0.52,0.709,1.78e-05,0.18,-7.125,0.0352,76.039,0.536
68,0.243,0.734,0.765,0.0,0.101,-6.047,0.0571,156.04,0.512
69,0.125,0.166,0.00133,0.846,0.233,-23.291,0.215,119.669,0.0218
70,0.0112,0.746,0.765,0.0,0.0936,-4.41,0.0993,114.044,0.737
71,0.589,0.672,0.369,0.0,0.0957,-13.081,0.0301,140.49,0.863
72,0.978,0.388,0.145,6.86e-06,0.0997,-19.697,0.0318,75.474,0.0911
73,0.0312,0.822,0.502,0.000887,0.114,-7.38,0.148,73.003,0.525
74,0.617,0.703,0.757,0.0,0.106,-3.612,0.05,82.008,0.696
75,0.431,0.484,0.731,0.0,0.151,-6.694,0.0379,101.654,0.51
76,0.0582,0.831,0.62,0.0,0.119,-8.397,0.338,133.17,0.568
77,0.0421,0.752,0.658,0.0,0.0927,-6.297,0.342,151.951,0.387
78,0.205,0.853,0.821,0.0,0.209,-4.537,0.209,130.999,0.625
79,0.0576,0.497,0.489,9.91e-05,0.122,-7.724,0.294,171.853,0.231
80,0.78,0.806,0.462,0.0134,0.15,-12.778,0.0298,92.726,0.736
81,0.44,0.628,0.5,0.0,0.244,-9.66,0.0268,124.932,0.68
82,0.0578,0.329,0.444,0.0352,0.113,-9.973,0.0417,162.279,0.225
83,0.000813,0.645,0.705,0.0,0.128,-5.008,0.299,137.133,0.376
84,0.164,0.807,0.564,0.0,0.0804,-7.938,0.319,96.004,0.225
85,0.016,0.576,0.724,0.0,0.107,-5.147,0.0274,93.029,0.34
86,0.0373,0.866,0.454,1.49e-06,0.275,-9.383,0.0414,99.985,0.368
87,0.0562,0.694,0.891,0.0,0.561,-2.94,0.0949,97.939,0.563
88,0.517,0.819,0.654,0.0,0.0996,-6.665,0.136,133.503,0.455
89,0.0586,0.731,0.445,1.96e-05,0.14,-8.418,0.0533,117.97,0.106
90,0.892,0.264,0.285,0.000471,0.344,-15.208,0.0385,84.825,0.0776
91,0.996,0.609,0.102,0.973,0.0993,-26.633,0.0821,108.062,0.62
92,0.0883,0.955,0.646,0.0,0.215,-5.924,0.26,125.132,0.691
93,0.0481,0.757,0.848,0.0,0.121,-4.234,0.335,139.995,0.686
94,0.996,0.64,0.011,0.954,0.111,-28.455,0.0583,64.061,0.793
95,0.166,0.616,0.989,0.0,0.172,-1.698,0.0483,95.036,0.902
96,0.63,0.409,0.277,0.0,0.173,-10.276,0.0421,80.062,0.534
97,0.0307,0.8,0.562,0.0,0.243,-7.366,0.0961,132.081,0.147
98,0.995,0.81,0.0419,0.937,0.109,-20.612,0.0645,104.964,0.321
99,0.00452,0.566,0.906,0.0,0.21,-5.092,0.0642,83.0,0.787
100,0.0263,0.525,0.846,0.000985,0.0764,-4.638,0.0302,112.22,0.757
101,0.0981,0.663,0.842,0.0,0.45,-3.42,0.104,174.024,0.433
102,0.221,0.688,0.947,0.0,0.284,-4.097,0.0544,136.031,0.878
103,0.356,0.747,0.271,0.913,0.108,-15.277,0.0822,142.011,0.143
104,0.111,0.264,0.609,0.311,0.322,-10.992,0.0655,185.875,0.862
105,0.0677,0.892,0.651,0.0,0.153,-5.463,0.108,138.974,0.44
106,0.602,0.286,0.217,0.099,0.104,-18.805,0.0336,138.225,0.0389
107,0.133,0.477,0.808,0.00013,0.176,-2.522,0.0571,100.004,0.433
108,0.954,0.62,0.148,0.0,0.0968,-13.124,0.078,114.627,0.579
109,0.0656,0.739,0.863,0.0,0.254,-3.667,0.139,173.946,0.773
110,0.0541,0.859,0.563,0.0,0.0685,-6.635,0.112,119.934,0.412
111,0.00818,0.944,0.613,0.0,0.0893,-5.999,0.291,120.102,0.328
112,0.268,0.747,0.573,0.0,0.302,-6.562,0.295,90.036,0.551
113,0.0201,0.281,0.802,0.000425,0.436,-9.423,0.0498,140.65,0.5
114,0.000592,0.929,0.563,0.0,0.244,-7.428,0.49,129.957,0.353
115,0.0797,0.843,0.52,5.09e-06,0.0944,-9.629,0.541,140.07,0.231
116,0.274,0.884,0.903,0.000372,0.302,-3.672,0.2,75.022,0.839
117,0.363,0.773,0.62,2.37e-06,0.175,-5.252,0.103,84.975,0.624
118,0.0558,0.833,0.673,0.0,0.112,-7.119,0.134,139.972,0.63
119,0.0688,0.743,0.924,0.0,0.112,-1.501,0.0642,107.995,0.702
120,0.00169,0.361,0.97,0.00163,0.357,-4.817,0.284,179.017,0.254
121,0.0102,0.729,0.989,4.45e-05,0.443,-4.613,0.049,126.47,0.84
122,0.448,0.91,0.604,0.0,0.0863,-4.392,0.082,110.075,0.807
123,0.0834,0.327,0.588,0.0,0.104,-6.611,0.0336,161.074,0.329
124,0.00269,0.581,0.656,2.78e-06,0.101,-4.891,0.0294,108.033,0.338
125,0.323,0.826,0.773,0.0,0.143,-4.218,0.0524,126.899,0.761
126,0.438,0.784,0.753,0.0,0.167,-4.099,0.213,116.959,0.532
127,0.583,0.858,0.544,0.00109,0.0707,-9.289,0.0751,108.217,0.874
128,0.508,0.827,0.66,0.403,0.0756,-9.669,0.0337,113.449,0.904
129,0.159,0.577,0.756,0.000232,0.249,-5.82,0.115,176.75,0.663
130,0.0109,0.611,0.701,9.83e-06,0.0994,-5.235,0.0248,142.027,0.604
131,0.00488,0.934,0.873,0.0,0.0832,-4.707,0.309,139.997,0.721
132,0.229,0.9,0.538,0.843,0.287,-7.879,0.0343,95.508,0.713
133,0.519,0.879,0.574,8.76e-06,0.144,-5.602,0.391,144.911,0.346
134,0.146,0.522,0.765,0.0,0.0866,-5.395,0.193,180.065,0.455
135,0.23,0.651,0.695,0.0,0.144,-3.218,0.0487,123.008,0.569
136,0.462,0.555,0.43,0.000191,0.0869,-9.105,0.0295,147.613,0.274
137,0.0397,0.54,0.821,0.0,0.423,-3.789,0.0873,148.798,0.685
138,0.239,0.936,0.523,0.0,0.117,-6.71,0.0597,119.889,0.699
139,0.021,0.542,0.906,0.00043,0.377,-4.213,0.0491,120.014,0.515
140,0.918,0.579,0.259,0.913,0.18,-13.81,0.0507,137.51,0.315
141,0.388,0.204,0.0715,0.979,0.336,-24.566,0.0437,112.814,0.257
142,0.784,0.748,0.0386,0.229,0.106,-35.267,0.0747,94.428,0.469
143,0.942,0.571,0.205,0.901,0.578,-18.127,0.0427,107.132,0.571
144,0.00799,0.686,0.687,7.33e-05,0.0781,-7.794,0.0555,90.084,0.88
145,0.942,0.571,0.205,0.901,0.578,-18.127,0.0427,107.132,0.571
146,0.808,0.552,0.35,0.852,0.114,-14.743,0.0332,174.124,0.0389
147,0.729,0.492,0.626,0.533,0.0509,-8.26,0.0349,86.016,0.524
148,0.119,0.653,0.675,0.0,0.483,-6.308,0.213,92.832,0.797
149,0.0125,0.735,0.481,0.00459,0.0984,-14.256,0.105,145.001,0.497
150,0.827,0.575,0.348,0.0,0.0819,-11.993,0.0269,70.866,0.174
151,0.435,0.461,0.936,9.13e-05,0.124,-6.866,0.109,172.404,0.804
152,0.00282,0.802,0.794,0.0,0.0927,-5.054,0.196,152.571,0.633
153,0.0711,0.465,0.735,0.0,0.0975,-3.715,0.117,173.935,0.409
154,0.000777,0.797,0.654,0.0,0.14,-6.946,0.248,80.007,0.464
155,0.897,0.684,0.215,0.456,0.105,-18.349,0.0379,120.255,0.324
156,0.0235,0.736,0.622,0.0,0.151,-4.653,0.133,191.971,0.506
157,0.151,0.674,0.64,0.0,0.0925,-5.139,0.0339,99.908,0.664
158,0.982,0.278,0.107,0.91,0.0908,-23.54,0.0445,143.23,0.107
159,0.000103,0.462,0.99,0.0,0.374,-3.175,0.211,137.061,0.204
160,0.0153,0.678,0.812,1.66e-06,0.604,-3.965,0.235,140.078,0.209
161,0.0281,0.922,0.909,0.0,0.0856,-2.429,0.27,95.295,0.309
162,0.116,0.439,0.752,0.0,0.133,-4.143,0.0375,166.051,0.456
163,0.147,0.755,0.599,0.0,0.109,-5.042,0.224,133.123,0.755
164,0.00125,0.315,0.715,7.97e-06,0.0942,-8.072,0.0362,155.925,0.497
165,0.00952,0.588,0.877,0.0,0.171,-4.78,0.16,155.165,0.645
166,0.119,0.699,0.907,0.0,0.359,-3.022,0.383,97.091,0.699
167,0.0152,0.587,0.698,0.0,0.442,-8.948,0.0943,133.954,0.0985
168,0.126,0.878,0.821,0.0461,0.183,-9.875,0.089,118.881,0.947
169,0.0146,0.733,0.817,0.0,0.663,-4.763,0.22,148.022,0.512
170,0.0124,0.695,0.745,0.0,0.0863,-4.566,0.0292,105.01,0.484
171,0.028,0.633,0.471,4.42e-06,0.166,-9.284,0.282,129.17,0.375
172,0.141,0.78,0.68,1.2e-05,0.138,-6.081,0.0305,118.026,0.594
173,0.000249,0.269,0.853,0.000246,0.118,-4.647,0.0854,141.581,0.179
174,0.253,0.539,0.414,1.3e-06,0.143,-9.156,0.0601,94.895,0.123
175,0.000202,0.54,0.429,0.355,0.141,-11.822,0.0285,110.171,0.113
176,0.849,0.444,0.287,2.82e-06,0.161,-10.631,0.0375,124.027,0.246
177,0.0174,0.729,0.545,0.000274,0.369,-7.818,0.0316,103.012,0.514
178,0.0411,0.568,0.835,0.0,0.357,-6.896,0.0687,170.045,0.625
179,0.00563,0.499,0.85,0.0,0.226,-5.372,0.0808,156.964,0.563
180,0.0549,0.564,0.714,0.0,0.155,-4.987,0.129,175.924,0.33
181,0.0576,0.497,0.489,9.91e-05,0.122,-7.724,0.294,171.853,0.231
182,0.0295,0.581,0.963,0.0,0.139,-4.087,0.0981,129.992,0.788
183,0.00067,0.539,0.828,0.421,0.154,-9.108,0.035,105.25,0.562
184,0.0683,0.506,0.45,0.000225,0.103,-12.565,0.364,177.978,0.131
185,0.0362,0.824,0.733,0.0,0.325,-5.474,0.0613,97.972,0.395
186,0.694,0.705,0.609,0.0,0.234,-5.728,0.0729,140.058,0.718
187,0.895,0.518,0.411,0.0,0.0911,-7.896,0.0307,136.147,0.187
188,0.467,0.836,0.509,4.1e-06,0.0436,-13.668,0.0548,138.714,0.949
189,0.197,0.903,0.643,0.0,0.111,-5.669,0.0929,110.003,0.224
190,0.56,0.429,0.494,0.0,0.578,-7.399,0.0671,105.689,0.213
191,0.823,0.628,0.285,0.868,0.0972,-14.498,0.033,96.332,0.744
192,0.464,0.619,0.453,0.0,0.149,-7.697,0.0264,96.021,0.217
193,0.125,0.427,0.724,0.0,0.749,-4.751,0.0844,140.029,0.289
194,0.0695,0.694,0.663,0.0,0.566,-3.444,0.351,161.899,0.624
195,0.00139,0.592,0.937,1.74e-05,0.189,-4.905,0.0442,102.073,0.529
196,0.0866,0.539,0.866,0.00414,0.0953,-8.404,0.0483,130.345,0.761
197,0.505,0.403,0.237,0.0,0.209,-14.981,0.253,175.155,0.289
198,0.926,0.228,0.204,1.1e-05,0.092,-12.319,0.0387,83.372,0.195
199,0.0048,0.756,0.747,0.00536,0.588,-5.407,0.046,134.935,0.0687
200,0.0976,0.368,0.644,0.012,0.106,-4.343,0.0652,93.214,0.0398
201,0.88,0.743,0.0402,0.865,0.0981,-26.778,0.0396,120.07,0.15
202,0.0821,0.697,0.635,0.0,0.115,-6.509,0.0304,141.992,0.224
203,0.353,0.591,0.8,0.0,0.247,-4.956,0.286,139.472,0.592
204,0.175,0.208,0.996,0.907,0.822,-19.737,0.0438,80.67,0.0145
205,0.494,0.679,0.682,0.0558,0.0786,-7.096,0.0627,157.064,0.799
206,0.371,0.814,0.431,0.0,0.335,-9.125,0.0936,129.957,0.542
207,0.995,0.384,0.159,0.9,0.108,-29.755,0.0336,114.017,0.538
208,0.996,0.394,0.0275,0.902,0.121,-35.531,0.04,70.714,0.504
209,0.989,0.262,0.222,0.972,0.296,-19.946,0.0372,154.561,0.636
210,0.0522,0.66,0.693,0.0,0.153,-4.773,0.189,167.07,0.814
211,0.0522,0.66,0.693,0.0,0.153,-4.773,0.189,167.07,0.814
212,0.0942,0.916,0.756,0.0,0.23,-7.653,0.188,115.69,0.756
213,0.0958,0.572,0.787,0.0,0.088,-6.886,0.0776,154.024,0.289
214,0.0139,0.545,0.781,0.0,0.161,-3.616,0.185,150.097,0.277
215,0.0251,0.575,0.411,0.0693,0.0751,-11.142,0.0722,215.09,0.462
216,0.283,0.472,0.861,0.0,0.83,-3.966,0.0447,144.077,0.358
217,0.088,0.931,0.387,0.0,0.136,-9.127,0.412,125.978,0.376
218,0.105,0.738,0.85,0.0,0.23,-3.049,0.0642,98.013,0.865
219,0.461,0.573,0.683,0.0,0.0935,-6.644,0.176,169.519,0.817
220,0.67,0.64,0.621,0.0,0.36,-8.269,0.0679,123.105,0.332
221,0.239,0.589,0.727,0.0277,0.164,-6.907,0.0866,152.058,0.52
222,0.867,0.343,0.339,3.75e-06,0.109,-9.282,0.0283,103.504,0.404
223,0.123,0.696,0.454,0.0,0.155,-6.756,0.153,92.928,0.136
224,0.17,0.94,0.335,0.0,0.262,-10.179,0.505,120.04,0.707
225,0.17,0.461,0.593,0.0,0.307,-4.954,0.0356,134.17,0.175
226,0.926,0.641,0.413,0.0,0.191,-5.624,0.0435,143.522,0.834
227,0.379,0.786,0.61,0.00082,0.0765,-6.736,0.0558,130.036,0.228
228,0.782,0.158,0.172,4.69e-05,0.14,-17.089,0.035,81.421,0.197
229,0.247,0.636,0.647,0.00123,0.113,-6.971,0.0381,158.073,0.416
230,0.0742,0.299,0.933,1.21e-05,0.0723,-6.874,0.17,180.092,0.205
231,0.897,0.638,0.0389,0.849,0.0731,-17.75,0.115,79.888,0.48
232,0.233,0.489,0.577,0.0,0.123,-9.765,0.042,78.112,0.519
233,0.976,0.52,0.199,0.905,0.112,-22.625,0.0402,107.975,0.439
234,0.995,0.213,0.0488,0.91,0.117,-28.145,0.0367,95.497,0.386
235,0.976,0.52,0.199,0.905,0.112,-22.625,0.0402,107.975,0.439
236,0.995,0.213,0.0488,0.91,0.117,-28.145,0.0367,95.497,0.386
237,0.126,0.489,0.54,0.0,0.103,-7.046,0.0288,81.4,0.27
238,0.0164,0.445,0.662,0.0,0.219,-4.802,0.181,200.04,0.479
239,0.0079,0.653,0.91,0.0,0.318,-3.36,0.0566,126.047,0.0921
240,0.0178,0.729,0.735,0.000193,0.089,-5.455,0.0919,121.986,0.544
241,0.451,0.347,0.6,0.0,0.279,-5.254,0.0303,172.062,0.158
242,0.959,0.24,0.124,0.0237,0.103,-14.542,0.0308,80.986,0.113
243,0.3,0.751,0.834,1.77e-05,0.355,-5.444,0.0437,95.053,0.894
244,0.724,0.726,0.371,0.00299,0.132,-14.008,0.0623,160.24,0.568
245,0.0193,0.766,0.74,0.0784,0.229,-10.363,0.0807,118.008,0.183
246,0.311,0.616,0.849,0.0,0.311,-4.897,0.0373,113.065,0.638
247,0.25,0.549,0.722,0.0138,0.11,-11.729,0.0283,103.885,0.716
248,2.17e-05,0.457,0.902,0.196,0.258,-5.624,0.0313,92.711,0.834
249,0.00314,0.696,0.921,5.24e-05,0.0842,-3.755,0.0363,119.001,0.714
250,0.183,0.827,0.629,0.0,0.084,-3.966,0.185,88.064,0.486
251,0.631,0.449,0.42,0.0,0.0805,-9.624,0.356,176.989,0.41
252,0.105,0.639,0.685,0.0,0.143,-4.571,0.049,110.041,0.363
253,0.203,0.714,0.686,7.76e-06,0.102,-6.333,0.0445,127.015,0.828
254,0.351,0.489,0.878,0.0,0.698,-3.36,0.368,81.497,0.775
255,0.754,0.591,0.49,0.0,0.386,-13.387,0.0424,96.976,0.965
256,0.113,0.84,0.932,0.00102,0.0839,-5.041,0.179,137.969,0.879
257,0.0454,0.635,0.543,0.000678,0.272,-5.941,0.067,98.743,0.036
258,0.125,0.784,0.298,3.19e-05,0.0678,-9.56,0.0542,87.172,0.846
259,0.857,0.552,0.371,0.0,0.0838,-9.104,0.0359,199.843,0.245
260,0.32,0.817,0.814,0.0,0.152,-3.985,0.185,109.994,0.247
261,0.0277,0.826,0.647,1.52e-06,0.298,-6.306,0.0491,102.017,0.872
262,0.207,0.759,0.639,0.0,0.23,-8.085,0.0511,128.01,0.682
263,0.0259,0.743,0.424,0.00105,0.112,-6.958,0.51,201.066,0.266
264,0.00607,0.559,0.889,0.0,0.476,-3.995,0.0434,129.063,0.628
265,0.533,0.797,0.75,0.108,0.095,-9.369,0.247,177.87,0.74
266,0.0283,0.616,0.869,0.0,0.064,-3.911,0.0327,127.966,0.473
267,0.121,0.788,0.842,0.00112,0.166,-4.006,0.142,190.077,0.481
268,0.0465,0.752,0.586,0.0,0.0554,-7.896,0.071,92.033,0.815
269,0.0152,0.817,0.646,0.0,0.125,-5.12,0.249,162.898,0.835
270,0.337,0.63,0.446,0.0,0.166,-8.9,0.0351,143.078,0.177
271,0.667,0.662,0.403,0.0,0.0527,-12.029,0.0291,119.891,0.85
272,0.000417,0.654,0.875,0.0086,0.194,-4.845,0.0744,99.975,0.522
273,0.017,0.923,0.604,0.0,0.272,-6.671,0.245,145.062,0.826
274,0.0483,0.691,0.631,1.13e-05,0.104,-6.478,0.0368,92.004,0.8
275,0.292,0.634,0.645,0.0,0.246,-9.2,0.0376,93.05,0.677
276,0.00981,0.629,0.692,0.331,0.603,-8.045,0.0376,162.948,0.453
277,0.0139,0.538,0.863,0.0,0.0874,-4.483,0.0481,77.001,0.637
278,0.21,0.448,0.838,0.000131,0.131,-5.257,0.0557,139.863,0.254
279,0.839,0.567,0.267,1.46e-06,0.089,-6.502,0.0299,110.011,0.0592
280,0.00495,0.423,0.73,1.13e-05,0.238,-5.566,0.032,205.972,0.66
281,0.114,0.755,0.536,0.0,0.0282,-5.605,0.12,138.969,0.882
282,0.843,0.55,0.271,3.21e-06,0.107,-8.451,0.0297,111.344,0.198
283,0.531,0.689,0.675,3.17e-06,0.115,-4.281,0.32,180.077,0.604
284,0.531,0.689,0.675,3.17e-06,0.115,-4.281,0.32,180.077,0.604
285,0.531,0.689,0.675,3.17e-06,0.115,-4.281,0.32,180.077,0.604
286,0.669,0.681,0.504,0.0,0.142,-11.099,0.0284,89.994,0.705
287,0.531,0.689,0.675,3.17e-06,0.115,-4.281,0.32,180.077,0.604
288,0.531,0.689,0.675,3.17e-06,0.115,-4.281,0.32,180.077,0.604
289,0.531,0.689,0.675,3.17e-06,0.115,-4.281,0.32,180.077,0.604
290,0.000289,0.217,0.905,0.00011,0.222,-4.103,0.0752,96.95,0.236
291,0.274,0.654,0.47,0.249,0.103,-10.383,0.0586,77.083,0.462
292,0.382,0.474,0.604,0.0,0.127,-6.065,0.0374,171.857,0.555
293,0.179,0.768,0.82,0.0,0.704,-4.63,0.0475,129.969,0.625
294,0.098,0.766,0.519,0.0,0.0855,-7.355,0.0366,129.972,0.612
295,0.00463,0.819,0.702,0.000207,0.101,-6.129,0.251,95.094,0.573
296,0.241,0.755,0.594,0.0,0.107,-5.906,0.216,178.929,0.237
297,0.00161,0.699,0.805,0.00177,0.249,-5.535,0.0345,109.976,0.232
298,0.103,0.602,0.493,0.0,0.119,-6.907,0.0308,112.979,0.487
299,0.257,0.662,0.507,0.0,0.0465,-8.238,0.118,86.412,0.676
300,0.0246,0.841,0.733,0.0,0.174,-5.077,0.142,130.009,0.284
301,0.512,0.523,0.606,0.0,0.106,-4.754,0.0301,145.837,0.065
302,0.33,0.609,0.799,0.0,0.108,-6.883,0.24,157.74,0.582
303,0.0738,0.504,0.785,0.0,0.239,-4.802,0.104,173.968,0.502
304,0.547,0.274,0.348,0.0133,0.334,-8.631,0.0293,87.43,0.328
305,0.0175,0.531,0.909,0.0,0.231,-4.236,0.034,97.546,0.814
306,0.0651,0.797,0.844,0.0,0.087,-5.482,0.275,170.142,0.52
307,0.235,0.522,0.428,2.35e-06,0.278,-11.332,0.143,129.829,0.399
308,0.0165,0.747,0.74,9.94e-05,0.101,-4.325,0.191,176.062,0.552
309,0.0264,0.73,0.792,0.0,0.101,-5.33,0.13,99.039,0.745
310,0.535,0.752,0.505,2.55e-06,0.104,-7.621,0.253,91.97,0.419
311,0.0237,0.676,0.771,7e-06,0.102,-3.675,0.0483,99.048,0.569
312,0.0326,0.744,0.868,0.0,0.0822,-4.524,0.047,93.037,0.586
313,0.0123,0.852,0.674,0.0,0.126,-4.166,0.211,130.085,0.584
314,0.269,0.845,0.677,0.000917,0.108,-4.798,0.136,90.013,0.68
315,0.0375,0.812,0.8,0.000112,0.0638,-4.282,0.077,130.036,0.357
316,0.362,0.357,0.668,1.37e-06,0.727,-8.444,0.0479,139.986,0.407
317,0.779,0.699,0.304,0.000993,0.137,-11.192,0.0993,119.705,0.271
318,0.183,0.878,0.525,0.0,0.0714,-6.832,0.0578,112.022,0.694
319,0.161,0.513,0.661,0.0,0.246,-6.419,0.24,94.791,0.179
320,0.0108,0.657,0.695,0.0,0.0822,-4.493,0.0321,65.997,0.683
321,0.038,0.914,0.463,0.0,0.0833,-10.187,0.174,144.039,0.532
322,0.223,0.63,0.485,0.0535,0.103,-8.955,0.0299,149.23,0.398
323,0.0366,0.781,0.533,0.0,0.597,-9.215,0.302,133.967,0.326
324,0.133,0.288,0.638,8.16e-05,0.14,-6.935,0.0779,66.424,0.147
325,0.156,0.815,0.567,0.0,0.0884,-4.653,0.135,95.034,0.732
326,0.0737,0.574,0.664,0.0,0.22,-11.5,0.0346,122.956,0.936
327,0.0811,0.631,0.672,0.0,0.154,-4.583,0.0347,119.948,0.282
328,0.0872,0.792,0.793,0.0,0.22,-6.185,0.0841,123.031,0.775
329,0.00544,0.731,0.368,0.0,0.193,-10.38,0.0688,145.171,0.512
330,0.121,0.651,0.762,0.0,0.167,-6.084,0.0284,109.959,0.292
331,0.183,0.817,0.834,0.000145,0.121,-3.761,0.0509,102.006,0.517
332,0.216,0.758,0.574,0.0,0.144,-7.833,0.217,144.081,0.706
333,0.315,0.754,0.805,0.0,0.203,-4.249,0.0752,93.982,0.555
334,0.46,0.758,0.574,0.00272,0.102,-6.889,0.0572,151.985,0.261
335,0.192,0.671,0.939,0.0,0.298,-3.206,0.161,129.023,0.529
336,0.823,0.564,0.237,0.000477,0.0905,-18.762,0.0499,137.613,0.625
337,0.534,0.55,0.363,0.0,0.128,-7.326,0.0336,121.94,0.286
338,0.58,0.775,0.452,0.0,0.17,-4.243,0.0311,129.941,0.606
339,0.0338,0.663,0.861,0.0,0.082,-3.398,0.109,119.963,0.654
340,0.394,0.0,0.00148,1.0,0.111,-31.839,0.0,0.0,0.0
341,0.201,0.657,0.569,1.38e-05,0.126,-6.287,0.0542,102.054,0.399
342,0.0112,0.72,0.625,0.0076,0.0999,-6.274,0.0362,102.006,0.818
343,0.073,0.754,0.342,0.0,0.193,-8.677,0.0991,128.981,0.423
344,0.0334,0.72,0.669,0.0,0.147,-6.244,0.207,175.934,0.668
345,0.246,0.737,0.918,0.0,0.29,-5.843,0.0977,110.038,0.804
346,0.193,0.774,0.914,0.0,0.427,-4.739,0.159,98.031,0.816
347,0.371,0.9,0.385,0.0,0.142,-12.189,0.435,99.964,0.488
348,0.000278,0.419,0.934,0.0015,0.132,-3.908,0.12,127.288,0.286
349,0.977,0.336,0.533,0.807,0.897,-14.672,0.744,127.829,0.417
350,0.268,0.747,0.573,0.0,0.302,-6.562,0.295,90.036,0.551
351,0.126,0.732,0.462,0.0,0.12,-10.191,0.406,180.067,0.117
352,0.0334,0.721,0.716,0.00084,0.237,-7.037,0.0657,104.994,0.667
353,0.179,0.661,0.723,1.23e-05,0.14,-6.976,0.0566,113.778,0.316
354,0.686,0.691,0.186,0.934,0.0762,-13.672,0.0487,86.383,0.548
355,0.174,0.517,0.622,0.0,0.105,-3.536,0.0577,170.154,0.463
356,0.213,0.651,0.699,0.000265,0.12,-5.006,0.0265,141.938,0.36
357,3.81e-05,0.403,0.965,0.000276,0.341,-2.238,0.0964,112.363,0.431
358,0.00165,0.2,0.977,1.1e-05,0.259,-3.494,0.159,195.711,0.39
359,0.281,0.83,0.574,0.0,0.124,-6.892,0.701,143.892,0.538
360,0.244,0.73,0.769,2.06e-05,0.136,-4.936,0.178,181.988,0.594
361,0.154,0.665,0.741,3.02e-05,0.345,-3.694,0.0787,144.968,0.57
362,0.512,0.718,0.712,0.00121,0.104,-4.366,0.174,180.034,0.531
363,0.0384,0.618,0.748,4.1e-06,0.0473,-8.905,0.358,134.114,0.663
364,0.00314,0.645,0.585,0.0,0.165,-6.122,0.0513,131.931,0.353
365,0.4,0.815,0.856,8.34e-05,0.244,-3.825,0.122,91.995,0.872
366,0.00453,0.671,0.699,0.000277,0.173,-4.224,0.0647,72.946,0.379
367,0.00346,0.723,0.809,0.00123,0.565,-3.081,0.0625,98.007,0.274
368,0.239,0.762,0.387,0.00756,0.13,-8.643,0.0277,109.959,0.273
369,0.03,0.873,0.719,0.0,0.333,-5.948,0.248,93.281,0.858
370,0.0153,0.774,0.873,0.00506,0.293,-1.587,0.0418,96.033,0.845
371,0.0153,0.774,0.873,0.00506,0.293,-1.587,0.0418,96.033,0.845
372,0.0153,0.774,0.873,0.00506,0.293,-1.587,0.0418,96.033,0.845
373,0.0153,0.774,0.873,0.00506,0.293,-1.587,0.0418,96.033,0.845
374,0.0153,0.774,0.873,0.00506,0.293,-1.587,0.0418,96.033,0.845
375,0.0153,0.774,0.873,0.00506,0.293,-1.587,0.0418,96.033,0.845
376,0.027,0.876,0.712,0.00798,0.0863,-5.399,0.148,100.006,0.64
377,0.0153,0.774,0.873,0.00506,0.293,-1.587,0.0418,96.033,0.845
378,0.0153,0.774,0.873,0.00506,0.293,-1.587,0.0418,96.033,0.845
379,0.0153,0.774,0.873,0.00506,0.293,-1.587,0.0418,96.033,0.845
380,0.00302,0.437,0.863,0.0,0.144,-5.28,0.0941,194.073,0.233
381,0.144,0.637,0.79,0.0,0.213,-5.128,0.381,80.542,0.23
382,0.0624,0.632,0.858,0.0,0.347,-3.463,0.035,119.397,0.872
383,0.605,0.669,0.388,0.144,0.0905,-11.547,0.0306,130.016,0.645
384,0.468,0.764,0.528,0.0,0.0811,-4.082,0.0588,123.936,0.422
385,0.31,0.517,0.424,0.0,0.384,-7.899,0.0338,140.906,0.354
386,0.525,0.63,0.474,6.93e-05,0.0824,-13.669,0.0276,105.277,0.435
387,0.000896,0.568,0.891,0.000137,0.357,-5.786,0.0376,104.954,0.522
388,0.151,0.707,0.543,0.0,0.384,-4.61,0.279,144.18,0.824
389,0.026,0.349,0.917,7.25e-06,0.0968,-3.645,0.071,164.036,0.206
390,0.0576,0.906,0.584,0.0,0.128,-7.72,0.316,129.055,0.831
391,0.000634,0.742,0.844,0.0,0.0659,-4.622,0.0479,131.986,0.416
392,0.0827,0.797,0.605,3.44e-06,0.124,-5.123,0.0578,110.024,0.448
393,0.0902,0.43,0.7,0.0,0.216,-5.35,0.264,158.373,0.731
394,0.00314,0.696,0.921,5.24e-05,0.0842,-3.755,0.0363,119.001,0.714
395,0.1,0.747,0.899,0.0,0.486,-5.125,0.247,92.029,0.58
396,0.00448,0.78,0.748,0.000591,0.115,-7.394,0.0352,125.974,0.0659
397,0.00482,0.89,0.664,0.0,0.257,-6.625,0.106,93.006,0.467
398,0.0234,0.769,0.811,0.0,0.0451,-4.162,0.228,155.081,0.761
399,0.164,0.727,0.832,0.0,0.105,-5.851,0.05,131.703,0.822
400,0.00509,0.803,0.759,0.0,0.0921,-4.692,0.0494,104.0,0.284
401,0.171,0.587,0.711,0.0,0.125,-6.33,0.42,98.008,0.381
402,0.821,0.621,0.147,0.0,0.0754,-11.111,0.0374,110.62,0.346
403,0.978,0.367,0.111,3.97e-05,0.0897,-14.084,0.0972,82.642,0.198
404,0.113,0.705,0.769,0.0,0.105,-5.526,0.0425,107.949,0.583
405,0.0362,0.824,0.733,0.0,0.325,-5.474,0.0613,97.972,0.395
406,0.0312,0.886,0.427,0.00099,0.0906,-10.028,0.145,108.034,0.23
407,0.0285,0.805,0.637,0.0,0.0919,-6.29,0.337,103.886,0.388
408,0.00256,0.618,0.717,0.0,0.625,-5.738,0.318,190.05,0.603
409,0.175,0.661,0.748,0.0,0.254,-4.808,0.206,171.983,0.508
410,0.168,0.697,0.832,0.00131,0.269,-7.264,0.0298,125.926,0.979
411,0.0671,0.722,0.252,0.0,0.0852,-14.411,0.0761,79.923,0.275
412,0.00058,0.544,0.96,1.99e-05,0.0531,-4.681,0.106,154.966,0.718
413,0.15,0.741,0.845,0.0,0.174,-3.568,0.0381,129.939,0.926
414,0.143,0.677,0.724,0.000101,0.158,-8.992,0.0245,90.392,0.697
415,0.348,0.72,0.538,0.0,0.0654,-8.874,0.0455,80.096,0.805
416,0.237,0.626,0.816,1.8e-06,0.104,-10.593,0.13,105.33,0.798
417,0.234,0.751,0.501,0.112,0.0467,-12.151,0.0551,167.057,0.902
418,0.396,0.826,0.47,0.0,0.0979,-7.609,0.0584,118.198,0.964
419,0.978,0.388,0.145,6.86e-06,0.0997,-19.697,0.0318,75.474,0.0911
420,0.962,0.419,0.00437,0.0,0.131,-35.23,0.0506,70.106,0.285
421,0.86,0.0995,0.0158,0.000539,0.107,-32.345,0.0549,69.218,0.0464
422,0.992,0.131,0.0449,0.487,0.132,-28.677,0.0443,171.581,0.19
423,0.958,0.579,0.276,0.00202,0.0551,-17.433,0.0446,95.222,0.715
424,0.864,0.273,0.0447,0.0,0.266,-27.637,0.0574,86.403,0.083
425,0.985,0.324,0.526,0.841,0.244,-14.502,0.0932,155.179,0.519
426,0.994,0.443,0.00944,0.948,0.0799,-26.549,0.0637,79.06,0.143
427,0.992,0.711,0.0923,0.77,0.151,-23.867,0.0428,96.904,0.579
428,0.985,0.324,0.526,0.841,0.244,-14.502,0.0932,155.179,0.519
429,0.991,0.533,0.12,0.908,0.112,-20.826,0.0506,103.351,0.394
430,0.0185,0.704,0.859,0.0,0.0215,-4.877,0.0996,105.115,0.926
431,0.131,0.806,0.718,0.0,0.398,-4.213,0.0898,98.526,0.586
432,0.765,0.572,0.209,0.0,0.356,-10.413,0.0313,80.069,0.446
433,0.0724,0.6,0.698,1.64e-06,0.113,-5.86,0.0355,140.032,0.57
434,0.0711,0.465,0.735,0.0,0.0975,-3.715,0.117,173.935,0.409
435,0.0746,0.798,0.673,0.0,0.126,-5.628,0.289,141.12,0.405
436,0.249,0.389,0.431,0.0,0.13,-8.061,0.0344,142.14,0.275
437,0.000242,0.606,0.887,0.0,0.337,-4.404,0.0598,119.974,0.903
438,0.0251,0.894,0.511,0.0,0.14,-4.768,0.42,120.08,0.568
439,0.000532,0.535,0.521,0.371,0.19,-5.942,0.0272,140.026,0.457
440,0.0692,0.673,0.58,8.52e-05,0.186,-6.029,0.0416,95.989,0.257
441,0.284,0.778,0.824,0.0,0.405,-5.892,0.0712,100.024,0.756
442,0.0015,0.339,0.931,0.000142,0.425,-3.425,0.062,112.548,0.467
443,0.0392,0.575,0.621,0.0045,0.141,-8.165,0.032,101.987,0.27
444,0.162,0.76,0.658,0.0,0.195,-5.275,0.275,100.202,0.565
445,0.042,0.944,0.511,0.00107,0.0379,-10.96,0.161,113.046,0.842
446,0.379,0.812,0.519,0.0,0.13,-4.823,0.0385,104.954,0.554
447,0.00485,0.872,0.814,1.96e-06,0.214,-4.568,0.155,98.985,0.57
448,0.0828,0.844,0.644,0.0,0.113,-6.273,0.0479,122.061,0.591
449,0.431,0.484,0.731,0.0,0.151,-6.694,0.0379,101.654,0.51
450,0.796,0.584,0.474,2.69e-06,0.115,-7.981,0.0258,101.457,0.332
451,0.252,0.739,0.616,1.93e-06,0.101,-6.963,0.0338,91.071,0.654
452,0.0668,0.964,0.605,7.78e-06,0.214,-6.223,0.179,129.994,0.646
453,0.744,0.507,0.616,2.98e-06,0.261,-4.746,0.0377,65.372,0.353
454,0.448,0.91,0.604,0.0,0.0863,-4.392,0.082,110.075,0.807
455,0.022,0.667,0.636,0.0,0.0908,-5.669,0.082,158.058,0.152
456,0.0168,0.841,0.522,1.37e-06,0.188,-5.963,0.049,99.059,0.616
457,0.205,0.626,0.88,0.0,0.128,-2.384,0.0504,95.079,0.534
458,0.000385,0.295,0.584,0.218,0.0996,-6.696,0.0345,117.2,0.228
459,0.0909,0.813,0.57,0.0,0.0982,-8.409,0.265,109.07,0.676
460,0.000989,0.421,0.677,9.65e-05,0.211,-6.183,0.0343,127.67,0.683
461,0.0358,0.886,0.743,0.000198,0.0511,-6.797,0.0812,131.902,0.941
462,0.211,0.77,0.482,0.0,0.223,-9.529,0.351,91.994,0.441
463,0.14,0.802,0.785,0.0,0.123,-4.781,0.207,99.998,0.435
464,0.68,0.724,0.305,0.0,0.128,-12.763,0.257,81.874,0.594
465,0.732,0.628,0.298,0.0,0.116,-9.539,0.0713,63.762,0.166
466,0.16,0.792,0.687,0.0,0.168,-7.506,0.25,140.008,0.356
467,0.000547,0.569,0.638,0.0,0.0848,-6.557,0.0291,144.042,0.438
468,0.0232,0.653,0.634,0.0,0.0908,-5.875,0.0391,160.013,0.306
469,0.000769,0.366,0.94,9.42e-05,0.188,-5.119,0.0696,130.198,0.369
470,0.0184,0.756,0.674,0.0,0.158,-6.518,0.0959,111.995,0.389
471,0.0324,0.692,0.736,0.0,0.0787,-5.109,0.11,73.987,0.217
472,0.194,0.805,0.858,7.89e-06,0.256,-3.067,0.105,97.033,0.523
473,0.432,0.724,0.357,0.0,0.12,-8.197,0.0715,141.159,0.69
474,0.114,0.858,0.697,0.0,0.224,-5.361,0.23,98.013,0.364
475,0.206,0.504,0.597,0.0,0.0949,-6.237,0.1,117.974,0.557
476,0.966,0.419,0.116,0.648,0.138,-18.397,0.0331,74.634,0.0865
477,0.461,0.748,0.739,4.7e-06,0.0834,-1.972,0.0381,115.966,0.962
478,0.0259,0.743,0.424,0.00105,0.112,-6.958,0.51,201.066,0.266
479,0.0227,0.401,0.802,0.0,0.338,-5.278,0.0294,191.093,0.849
480,0.946,0.736,0.308,0.0,0.186,-7.83,0.0677,111.202,0.361
481,0.944,0.0,2.03e-05,0.869,0.112,-40.449,0.0,0.0,0.0
482,0.694,0.705,0.609,0.0,0.234,-5.728,0.0729,140.058,0.718
483,0.0862,0.561,0.779,0.0,0.078,-5.107,0.0531,81.965,0.235
484,0.192,0.741,0.645,0.0,0.163,-5.116,0.0963,149.07,0.488
485,0.247,0.697,0.535,0.0,0.569,-6.504,0.068,82.959,0.594
486,0.932,0.612,0.28,0.0,0.088,-8.648,0.0434,72.795,0.387
487,0.418,0.595,0.389,1.39e-06,0.116,-9.245,0.0349,166.052,0.4
488,0.139,0.762,0.861,1.08e-06,0.0956,-4.075,0.0652,133.037,0.588
489,0.694,0.585,0.303,0.0,0.115,-10.058,0.0398,136.703,0.142
490,0.2,0.36,0.716,0.0,0.581,-6.181,0.34,86.001,0.274
491,0.0404,0.677,0.744,0.00016,0.074,-6.806,0.0295,124.08,0.631
492,0.19,0.614,0.66,0.0,0.211,-2.848,0.0441,145.01,0.452
493,0.0244,0.456,0.828,0.0,0.21,-6.225,0.077,116.719,0.313
494,0.766,0.754,0.4,0.0,0.196,-8.832,0.0579,135.945,0.693
495,0.495,0.686,0.372,0.776,0.194,-12.403,0.0539,123.952,0.301
496,0.964,0.661,0.14,1.63e-05,0.106,-16.339,0.0324,79.977,0.306
497,0.0189,0.75,0.727,0.0,0.266,-4.21,0.142,129.993,0.359
498,0.0296,0.412,0.441,0.0726,0.306,-11.523,0.291,185.571,0.174
499,0.0921,0.72,0.802,0.0,0.694,-5.797,0.0582,124.043,0.723
